[
  {
    "school_name": "충주중학교",
    "school_grade": "중등"
  },
  {
    "school_name": "충일중학교",
    "school_grade": "중등"
  },
  {
    "school_name": "미덕중학교",
    "school_grade": "중등"
  },
  {
    "school_name": "탄금중학교",
    "school_grade": "중등"
  },
  {
    "school_name": "노은중학교",
    "school_grade": "중등"
  },
  {
    "school_name": "산척중학교",
    "school_grade": "중등"
  },
  {
    "school_name": "수안보중학교",
    "school_grade": "중등"
  },
  {
    "school_name": "신니중학교",
    "school_grade": "중등"
  },
  {
    "school_name": "신명중학교",
    "school_grade": "중등"
  },
  {
    "school_name": "앙성중학교",
    "school_grade": "중등"
  },
  {
    "school_name": "주덕중학교",
    "school_grade": "중등"
  },
  {
    "school_name": "중앙탑중학교",
    "school_grade": "중등"
  },
  {
    "school_name": "중원중학교",
    "school_grade": "중등"
  },
  {
    "school_name": "충일중학교",
    "school_grade": "중등"
  },
  {
    "school_name": "충주대소원중학교",
    "school_grade": "중등"
  },
  {
    "school_name": "북여자중학교",
    "school_grade": "중등"
  },
  {
    "school_name": "충주여자중학교",
    "school_grade": "중등"
  },
  {
    "school_name": "충주예성여자중학교",
    "school_grade": "중등"
  },
  {
    "school_name": "칠금중학교",
    "school_grade": "중등"
  },
  {
    "school_name": "충주중앙중학교",
    "school_grade": "중등"
  },
  {
    "school_name": "충주고등학교",
    "school_grade": "고등"
  },
  {
    "school_name": "충주여자고등학교",
    "school_grade": "고등"
  },
  {
    "school_name": "충주중산고등학교",
    "school_grade": "고등"
  },
  {
    "school_name": "충주대원고등학교",
    "school_grade": "고등"
  },
  {
    "school_name": "국원고등학교",
    "school_grade": "고등"
  },
  {
    "school_name": "충주예성여자고등학교",
    "school_grade": "고등"
  },
  {
    "school_name": "충원고등학교",
    "school_grade": "고등"
  },
  {
    "school_name": "충주공업고등학교",
    "school_grade": "고등"
  },
  {
    "school_name": "충주상업고등학교",
    "school_grade": "고등"
  },
  {
    "school_name": "한림디자인고등학교",
    "school_grade": "고등"
  },
  {
    "school_name": "가흥초등학교",
    "school_grade": "초등"
  },
  {
    "school_name": "국원초등학교",
    "school_grade": "초등"
  },
  {
    "school_name": "금가초등학교",
    "school_grade": "초등"
  },
  {
    "school_name": "노은초등학교",
    "school_grade": "초등"
  },
  {
    "school_name": "단월초등학교",
    "school_grade": "초등"
  },
  {
    "school_name": "달천초등학교",
    "school_grade": "초등"
  },
  {
    "school_name": "대미초등학교",
    "school_grade": "초등"
  },
  {
    "school_name": "덕신초등학교",
    "school_grade": "초등"
  },
  {
    "school_name": "동락초등학교",
    "school_grade": "초등"
  },
  {
    "school_name": "동량초등학교",
    "school_grade": "초등"
  },
  {
    "school_name": "목행초등학교",
    "school_grade": "초등"
  },
  {
    "school_name": "산척초등학교",
    "school_grade": "초등"
  },
  {
    "school_name": "세성초등학교",
    "school_grade": "초등"
  },
  {
    "school_name": "소태초등학교",
    "school_grade": "초등"
  },
  {
    "school_name": "수안보초등학교",
    "school_grade": "초등"
  },
  {
    "school_name": "수회초등학교",
    "school_grade": "초등"
  },
  {
    "school_name": "앙성초등학교",
    "school_grade": "초등"
  },
  {
    "school_name": "엄정초등학교",
    "school_grade": "초등"
  },
  {
    "school_name": "연수초등학교",
    "school_grade": "초등"
  },
  {
    "school_name": "오석초등학교",
    "school_grade": "초등"
  },
  {
    "school_name": "용원초등학교",
    "school_grade": "초등"
  },
  {
    "school_name": "주덕초등학교",
    "school_grade": "초등"
  },
  {
    "school_name": "충주교현초등학교",
    "school_grade": "초등"
  },
  {
    "school_name": "충주금릉초등학교",
    "school_grade": "초등"
  },
  {
    "school_name": "충주남산초등학교",
    "school_grade": "초등"
  },
  {
    "school_name": "충주남한강초등학교",
    "school_grade": "초등"
  },
  {
    "school_name": "충주대림초등학교",
    "school_grade": "초등"
  },
  {
    "school_name": "충주대소원초등학교",
    "school_grade": "초등"
  },
  {
    "school_name": "충주삼원초등학교",
    "school_grade": "초등"
  },
  {
    "school_name": "충주성남초등학교",
    "school_grade": "초등"
  },
  {
    "school_name": "충주예성초등학교",
    "school_grade": "초등"
  },
  {
    "school_name": "충주용산초등학교",
    "school_grade": "초등"
  },
  {
    "school_name": "충주중앙초등학교",
    "school_grade": "초등"
  },
  {
    "school_name": "충주중앙탑초등학교",
    "school_grade": "초등"
  },
  {
    "school_name": "칠금초등학교",
    "school_grade": "초등"
  },
  {
    "school_name": "탄금초등학교",
    "school_grade": "초등"
  }
]